candidate_id,intention_mention_1,intention_mention_2,intention_mention_3,intention_mention_4,intention_mention_5,intention_mention_6,intention_mention_7,poll_type_id,population,poll_id,poll_type,nb_people,start_date,end_date,folder,id,institut,commanditaire,mention1,mention2,mention3,mention4,mention5,mention6,mention7,nombre_mentions,question,name,surname,parti,annonce_candidature,retrait_candidature,second_round,candidate
EP,29,53,9,4,5,,,pt2,macron,elabe_202407,pt2,1002,2024-07-10,2024-07-11,polls/elabe_202407,pt2,ELABE,Les Echos,une image très positive,une image plutôt positive,une image plutôt négative,une image très négative,sans opinion,,,5,"Pour chacune des personnalités suivantes, indiquez si vous en avez une image positive ou une image négative ? ",Edouard,Philippe,,,,,Edouard Philippe
JB,5,18,18,54,5,,,pt2,macron,elabe_202407,pt2,1002,2024-07-10,2024-07-11,polls/elabe_202407,pt2,ELABE,Les Echos,une image très positive,une image plutôt positive,une image plutôt négative,une image très négative,sans opinion,,,5,"Pour chacune des personnalités suivantes, indiquez si vous en avez une image positive ou une image négative ? ",Jordan,Bardella,Rassemblement National,,,,Jordan Bardella
MLP,5,13,15,60,7,,,pt2,macron,elabe_202407,pt2,1002,2024-07-10,2024-07-11,polls/elabe_202407,pt2,ELABE,Les Echos,une image très positive,une image plutôt positive,une image plutôt négative,une image très négative,sans opinion,,,5,"Pour chacune des personnalités suivantes, indiquez si vous en avez une image positive ou une image négative ? ",Marine,Le Pen,Rassemblement National,,,,Marine Le Pen
RG,10,41,23,12,14,,,pt2,macron,elabe_202407,pt2,1002,2024-07-10,2024-07-11,polls/elabe_202407,pt2,ELABE,Les Echos,une image très positive,une image plutôt positive,une image plutôt négative,une image très négative,sans opinion,,,5,"Pour chacune des personnalités suivantes, indiquez si vous en avez une image positive ou une image négative ? ",Raphaël,Glucksmann,,,,,Raphaël Glucksmann
FH,7,30,32,23,8,,,pt2,macron,elabe_202407,pt2,1002,2024-07-10,2024-07-11,polls/elabe_202407,pt2,ELABE,Les Echos,une image très positive,une image plutôt positive,une image plutôt négative,une image très négative,sans opinion,,,5,"Pour chacune des personnalités suivantes, indiquez si vous en avez une image positive ou une image négative ? ",François,Hollande,Parti Socialiste,,,,François Hollande
FR,7,24,33,15,21,,,pt2,macron,elabe_202407,pt2,1002,2024-07-10,2024-07-11,polls/elabe_202407,pt2,ELABE,Les Echos,une image très positive,une image plutôt positive,une image plutôt négative,une image très négative,sans opinion,,,5,"Pour chacune des personnalités suivantes, indiquez si vous en avez une image positive ou une image négative ? ",François,Ruffin,La France Insoumise,,,,François Ruffin
NS,10,43,26,13,8,,,pt2,macron,elabe_202407,pt2,1002,2024-07-10,2024-07-11,polls/elabe_202407,pt2,ELABE,Les Echos,une image très positive,une image plutôt positive,une image plutôt négative,une image très négative,sans opinion,,,5,"Pour chacune des personnalités suivantes, indiquez si vous en avez une image positive ou une image négative ? ",Nicolas,Sarkozy,Les Républicains,,,,Nicolas Sarkozy
FRo,4,29,32,14,21,,,pt2,macron,elabe_202407,pt2,1002,2024-07-10,2024-07-11,polls/elabe_202407,pt2,ELABE,Les Echos,une image très positive,une image plutôt positive,une image plutôt négative,une image très négative,sans opinion,,,5,"Pour chacune des personnalités suivantes, indiquez si vous en avez une image positive ou une image négative ? ",Fabien,Roussel,Parti Communiste Français,,,,Fabien Roussel
GD,17,46,19,7,11,,,pt2,macron,elabe_202407,pt2,1002,2024-07-10,2024-07-11,polls/elabe_202407,pt2,ELABE,Les Echos,une image très positive,une image plutôt positive,une image plutôt négative,une image très négative,sans opinion,,,5,"Pour chacune des personnalités suivantes, indiquez si vous en avez une image positive ou une image négative ? ",Gérald,Darmanin,,,,,Gérald Darmanin
BLM,16,48,16,9,11,,,pt2,macron,elabe_202407,pt2,1002,2024-07-10,2024-07-11,polls/elabe_202407,pt2,ELABE,Les Echos,une image très positive,une image plutôt positive,une image plutôt négative,une image très négative,sans opinion,,,5,"Pour chacune des personnalités suivantes, indiquez si vous en avez une image positive ou une image négative ? ",Bruno,Le Maire,,,,,Bruno Le Maire
DV,6,39,22,18,15,,,pt2,macron,elabe_202407,pt2,1002,2024-07-10,2024-07-11,polls/elabe_202407,pt2,ELABE,Les Echos,une image très positive,une image plutôt positive,une image plutôt négative,une image très négative,sans opinion,,,5,"Pour chacune des personnalités suivantes, indiquez si vous en avez une image positive ou une image négative ? ",Dominique,de Villepin,,,,,Dominique de Villepin
FB,8,49,21,8,14,,,pt2,macron,elabe_202407,pt2,1002,2024-07-10,2024-07-11,polls/elabe_202407,pt2,ELABE,Les Echos,une image très positive,une image plutôt positive,une image plutôt négative,une image très négative,sans opinion,,,5,"Pour chacune des personnalités suivantes, indiquez si vous en avez une image positive ou une image négative ? ",François,Bayrou,Mouvement Démocrate,,,,François Bayrou
MM,6,10,13,61,10,,,pt2,macron,elabe_202407,pt2,1002,2024-07-10,2024-07-11,polls/elabe_202407,pt2,ELABE,Les Echos,une image très positive,une image plutôt positive,une image plutôt négative,une image très négative,sans opinion,,,5,"Pour chacune des personnalités suivantes, indiquez si vous en avez une image positive ou une image négative ? ",Marion,Maréchal,,,,,Marion Maréchal
XB,7,50,20,7,16,,,pt2,macron,elabe_202407,pt2,1002,2024-07-10,2024-07-11,polls/elabe_202407,pt2,ELABE,Les Echos,une image très positive,une image plutôt positive,une image plutôt négative,une image très négative,sans opinion,,,5,"Pour chacune des personnalités suivantes, indiquez si vous en avez une image positive ou une image négative ? ",Xavier,Bertrand,Les Républicains,,,,Xavier Bertrand
EDM,13,45,19,9,14,,,pt2,macron,elabe_202407,pt2,1002,2024-07-10,2024-07-11,polls/elabe_202407,pt2,ELABE,Les Echos,une image très positive,une image plutôt positive,une image plutôt négative,une image très négative,sans opinion,,,5,"Pour chacune des personnalités suivantes, indiquez si vous en avez une image positive ou une image négative ? ",Eric,Dupond-Moretti,,,,,Eric Dupond-Moretti
OF,3,25,28,17,27,,,pt2,macron,elabe_202407,pt2,1002,2024-07-10,2024-07-11,polls/elabe_202407,pt2,ELABE,Les Echos,une image très positive,une image plutôt positive,une image plutôt négative,une image très négative,sans opinion,,,5,"Pour chacune des personnalités suivantes, indiquez si vous en avez une image positive ou une image négative ? ",Olivier,Faure,Parti Socialiste,,,,Olivier Faure
RD,6,35,30,15,14,,,pt2,macron,elabe_202407,pt2,1002,2024-07-10,2024-07-11,polls/elabe_202407,pt2,ELABE,Les Echos,une image très positive,une image plutôt positive,une image plutôt négative,une image très négative,sans opinion,,,5,"Pour chacune des personnalités suivantes, indiquez si vous en avez une image positive ou une image négative ? ",Rachida,Dati,Les Républicains,,,,Rachida Dati
EC,5,12,20,57,6,,,pt2,macron,elabe_202407,pt2,1002,2024-07-10,2024-07-11,polls/elabe_202407,pt2,ELABE,Les Echos,une image très positive,une image plutôt positive,une image plutôt négative,une image très négative,sans opinion,,,5,"Pour chacune des personnalités suivantes, indiquez si vous en avez une image positive ou une image négative ? ",Eric,Ciotti,Les Républicains,,,,Eric Ciotti
BC,12,37,21,9,21,,,pt2,macron,elabe_202407,pt2,1002,2024-07-10,2024-07-11,polls/elabe_202407,pt2,ELABE,Les Echos,une image très positive,une image plutôt positive,une image plutôt négative,une image très négative,sans opinion,,,5,"Pour chacune des personnalités suivantes, indiquez si vous en avez une image positive ou une image négative ? ",Bernard,Cazeneuve,Parti Socialiste,,,,Bernard Cazeneuve
GL,11,36,21,9,23,,,pt2,macron,elabe_202407,pt2,1002,2024-07-10,2024-07-11,polls/elabe_202407,pt2,ELABE,Les Echos,une image très positive,une image plutôt positive,une image plutôt négative,une image très négative,sans opinion,,,5,"Pour chacune des personnalités suivantes, indiquez si vous en avez une image positive ou une image négative ? ",Gérard,Larcher,Les Républicains,,,,Gérard Larcher
YJ,3,25,30,22,20,,,pt2,macron,elabe_202407,pt2,1002,2024-07-10,2024-07-11,polls/elabe_202407,pt2,ELABE,Les Echos,une image très positive,une image plutôt positive,une image plutôt négative,une image très négative,sans opinion,,,5,"Pour chacune des personnalités suivantes, indiquez si vous en avez une image positive ou une image négative ? ",Yannick,Jadot,Europe Écologie Les Verts,,,,Yannick Jadot
MT,7,22,26,16,29,,,pt2,macron,elabe_202407,pt2,1002,2024-07-10,2024-07-11,polls/elabe_202407,pt2,ELABE,Les Echos,une image très positive,une image plutôt positive,une image plutôt négative,une image très négative,sans opinion,,,5,"Pour chacune des personnalités suivantes, indiquez si vous en avez une image positive ou une image négative ? ",Marine,Tondelier,Europe Écologie Les Verts,,,,Marine Tondelier
LW,9,27,31,16,17,,,pt2,macron,elabe_202407,pt2,1002,2024-07-10,2024-07-11,polls/elabe_202407,pt2,ELABE,Les Echos,une image très positive,une image plutôt positive,une image plutôt négative,une image très négative,sans opinion,,,5,"Pour chacune des personnalités suivantes, indiquez si vous en avez une image positive ou une image négative ? ",Laurent,Wauquiez,Les Républicains,,,,Laurent Wauquiez
LB,5,28,25,12,30,,,pt2,macron,elabe_202407,pt2,1002,2024-07-10,2024-07-11,polls/elabe_202407,pt2,ELABE,Les Echos,une image très positive,une image plutôt positive,une image plutôt négative,une image très négative,sans opinion,,,5,"Pour chacune des personnalités suivantes, indiquez si vous en avez une image positive ou une image négative ? ",Laurent,Berger,,,,,Laurent Berger
YBP,12,33,15,6,34,,,pt2,macron,elabe_202407,pt2,1002,2024-07-10,2024-07-11,polls/elabe_202407,pt2,ELABE,Les Echos,une image très positive,une image plutôt positive,une image plutôt négative,une image très négative,sans opinion,,,5,"Pour chacune des personnalités suivantes, indiquez si vous en avez une image positive ou une image négative ? ",Yaël,Braun-Pivet,,,,,Yaël Braun-Pivet
CA,2,12,28,31,27,,,pt2,macron,elabe_202407,pt2,1002,2024-07-10,2024-07-11,polls/elabe_202407,pt2,ELABE,Les Echos,une image très positive,une image plutôt positive,une image plutôt négative,une image très négative,sans opinion,,,5,"Pour chacune des personnalités suivantes, indiquez si vous en avez une image positive ou une image négative ? ",Clémentine,Autain,La France Insoumise,,,,Clémentine Autain
JLM,6,5,9,77,3,,,pt2,macron,elabe_202407,pt2,1002,2024-07-10,2024-07-11,polls/elabe_202407,pt2,ELABE,Les Echos,une image très positive,une image plutôt positive,une image plutôt négative,une image très négative,sans opinion,,,5,"Pour chacune des personnalités suivantes, indiquez si vous en avez une image positive ou une image négative ? ",Jean-Luc,Mélenchon,La France Insoumise,,,,Jean-Luc Mélenchon
SR,3,15,18,44,20,,,pt2,macron,elabe_202407,pt2,1002,2024-07-10,2024-07-11,polls/elabe_202407,pt2,ELABE,Les Echos,une image très positive,une image plutôt positive,une image plutôt négative,une image très négative,sans opinion,,,5,"Pour chacune des personnalités suivantes, indiquez si vous en avez une image positive ou une image négative ? ",Sandrine,Rousseau,Europe Écologie Les Verts,,,,Sandrine Rousseau
EZ,3,7,11,76,3,,,pt2,macron,elabe_202407,pt2,1002,2024-07-10,2024-07-11,polls/elabe_202407,pt2,ELABE,Les Echos,une image très positive,une image plutôt positive,une image plutôt négative,une image très négative,sans opinion,,,5,"Pour chacune des personnalités suivantes, indiquez si vous en avez une image positive ou une image négative ? ",Eric,Zemmour,,,,,Eric Zemmour
MB,4,11,19,38,28,,,pt2,macron,elabe_202407,pt2,1002,2024-07-10,2024-07-11,polls/elabe_202407,pt2,ELABE,Les Echos,une image très positive,une image plutôt positive,une image plutôt négative,une image très négative,sans opinion,,,5,"Pour chacune des personnalités suivantes, indiquez si vous en avez une image positive ou une image négative ? ",Manuel,Bompard,La France Insoumise,,,,Manuel Bompard
AH,4,17,29,43,7,,,pt2,macron,elabe_202407,pt2,1002,2024-07-10,2024-07-11,polls/elabe_202407,pt2,ELABE,Les Echos,une image très positive,une image plutôt positive,une image plutôt négative,une image très négative,sans opinion,,,5,"Pour chacune des personnalités suivantes, indiquez si vous en avez une image positive ou une image négative ? ",Anne,Hidalgo,Parti Socialiste,,,,Anne Hidalgo
MP,2,9,12,50,27,,,pt2,macron,elabe_202407,pt2,1002,2024-07-10,2024-07-11,polls/elabe_202407,pt2,ELABE,Les Echos,une image très positive,une image plutôt positive,une image plutôt négative,une image très négative,sans opinion,,,5,"Pour chacune des personnalités suivantes, indiquez si vous en avez une image positive ou une image négative ? ",Mathilde,Panot,La France Insoumise,,,,Mathilde Panot
AOC,2,25,23,18,32,,,pt2,macron,elabe_202407,pt2,1002,2024-07-10,2024-07-11,polls/elabe_202407,pt2,ELABE,Les Echos,une image très positive,une image plutôt positive,une image plutôt négative,une image très négative,sans opinion,,,5,"Pour chacune des personnalités suivantes, indiquez si vous en avez une image positive ou une image négative ? ",Amélie,Oudéa-Castéra,,,,,Amélie Oudéa-Castéra
EP,25,53,12,4,6,,,pt2,macron,elabe_202501,pt2,1001,2025-01-07,2025-01-08,polls/elabe_202501,pt2,ELABE,Les Echos,une image très positive,une image plutôt positive,une image plutôt négative,une image très négative,sans opinion,,,5,"Pour chacune des personnalités suivantes, indiquez si vous en avez une image positive ou une image négative ? ",Edouard,Philippe,,,,,Edouard Philippe
JB,8,14,12,56,10,,,pt2,macron,elabe_202501,pt2,1001,2025-01-07,2025-01-08,polls/elabe_202501,pt2,ELABE,Les Echos,une image très positive,une image plutôt positive,une image plutôt négative,une image très négative,sans opinion,,,5,"Pour chacune des personnalités suivantes, indiquez si vous en avez une image positive ou une image négative ? ",Jordan,Bardella,Rassemblement National,,,,Jordan Bardella
MLP,7,17,17,55,4,,,pt2,macron,elabe_202501,pt2,1001,2025-01-07,2025-01-08,polls/elabe_202501,pt2,ELABE,Les Echos,une image très positive,une image plutôt positive,une image plutôt négative,une image très négative,sans opinion,,,5,"Pour chacune des personnalités suivantes, indiquez si vous en avez une image positive ou une image négative ? ",Marine,Le Pen,Rassemblement National,,,,Marine Le Pen
RG,8,31,22,18,21,,,pt2,macron,elabe_202501,pt2,1001,2025-01-07,2025-01-08,polls/elabe_202501,pt2,ELABE,Les Echos,une image très positive,une image plutôt positive,une image plutôt négative,une image très négative,sans opinion,,,5,"Pour chacune des personnalités suivantes, indiquez si vous en avez une image positive ou une image négative ? ",Raphaël,Glucksmann,,,,,Raphaël Glucksmann
FH,6,24,30,31,9,,,pt2,macron,elabe_202501,pt2,1001,2025-01-07,2025-01-08,polls/elabe_202501,pt2,ELABE,Les Echos,une image très positive,une image plutôt positive,une image plutôt négative,une image très négative,sans opinion,,,5,"Pour chacune des personnalités suivantes, indiquez si vous en avez une image positive ou une image négative ? ",François,Hollande,Parti Socialiste,,,,François Hollande
FR,5,15,29,22,29,,,pt2,macron,elabe_202501,pt2,1001,2025-01-07,2025-01-08,polls/elabe_202501,pt2,ELABE,Les Echos,une image très positive,une image plutôt positive,une image plutôt négative,une image très négative,sans opinion,,,5,"Pour chacune des personnalités suivantes, indiquez si vous en avez une image positive ou une image négative ? ",François,Ruffin,La France Insoumise,,,,François Ruffin
NS,11,24,28,25,12,,,pt2,macron,elabe_202501,pt2,1001,2025-01-07,2025-01-08,polls/elabe_202501,pt2,ELABE,Les Echos,une image très positive,une image plutôt positive,une image plutôt négative,une image très négative,sans opinion,,,5,"Pour chacune des personnalités suivantes, indiquez si vous en avez une image positive ou une image négative ? ",Nicolas,Sarkozy,Les Républicains,,,,Nicolas Sarkozy
FRo,2,24,29,19,26,,,pt2,macron,elabe_202501,pt2,1001,2025-01-07,2025-01-08,polls/elabe_202501,pt2,ELABE,Les Echos,une image très positive,une image plutôt positive,une image plutôt négative,une image très négative,sans opinion,,,5,"Pour chacune des personnalités suivantes, indiquez si vous en avez une image positive ou une image négative ? ",Fabien,Roussel,Parti Communiste Français,,,,Fabien Roussel
GD,13,51,17,6,13,,,pt2,macron,elabe_202501,pt2,1001,2025-01-07,2025-01-08,polls/elabe_202501,pt2,ELABE,Les Echos,une image très positive,une image plutôt positive,une image plutôt négative,une image très négative,sans opinion,,,5,"Pour chacune des personnalités suivantes, indiquez si vous en avez une image positive ou une image négative ? ",Gérald,Darmanin,,,,,Gérald Darmanin
DV,5,29,31,13,22,,,pt2,macron,elabe_202501,pt2,1001,2025-01-07,2025-01-08,polls/elabe_202501,pt2,ELABE,Les Echos,une image très positive,une image plutôt positive,une image plutôt négative,une image très négative,sans opinion,,,5,"Pour chacune des personnalités suivantes, indiquez si vous en avez une image positive ou une image négative ? ",Dominique,de Villepin,,,,,Dominique de Villepin
XB,7,36,30,7,20,,,pt2,macron,elabe_202501,pt2,1001,2025-01-07,2025-01-08,polls/elabe_202501,pt2,ELABE,Les Echos,une image très positive,une image plutôt positive,une image plutôt négative,une image très négative,sans opinion,,,5,"Pour chacune des personnalités suivantes, indiquez si vous en avez une image positive ou une image négative ? ",Xavier,Bertrand,Les Républicains,,,,Xavier Bertrand
OF,6,17,25,23,29,,,pt2,macron,elabe_202501,pt2,1001,2025-01-07,2025-01-08,polls/elabe_202501,pt2,ELABE,Les Echos,une image très positive,une image plutôt positive,une image plutôt négative,une image très négative,sans opinion,,,5,"Pour chacune des personnalités suivantes, indiquez si vous en avez une image positive ou une image négative ? ",Olivier,Faure,Parti Socialiste,,,,Olivier Faure
RD,6,39,31,13,11,,,pt2,macron,elabe_202501,pt2,1001,2025-01-07,2025-01-08,polls/elabe_202501,pt2,ELABE,Les Echos,une image très positive,une image plutôt positive,une image plutôt négative,une image très négative,sans opinion,,,5,"Pour chacune des personnalités suivantes, indiquez si vous en avez une image positive ou une image négative ? ",Rachida,Dati,Les Républicains,,,,Rachida Dati
EC,6,12,18,50,14,,,pt2,macron,elabe_202501,pt2,1001,2025-01-07,2025-01-08,polls/elabe_202501,pt2,ELABE,Les Echos,une image très positive,une image plutôt positive,une image plutôt négative,une image très négative,sans opinion,,,5,"Pour chacune des personnalités suivantes, indiquez si vous en avez une image positive ou une image négative ? ",Eric,Ciotti,Les Républicains,,,,Eric Ciotti
BC,8,51,15,5,21,,,pt2,macron,elabe_202501,pt2,1001,2025-01-07,2025-01-08,polls/elabe_202501,pt2,ELABE,Les Echos,une image très positive,une image plutôt positive,une image plutôt négative,une image très négative,sans opinion,,,5,"Pour chacune des personnalités suivantes, indiquez si vous en avez une image positive ou une image négative ? ",Bernard,Cazeneuve,Parti Socialiste,,,,Bernard Cazeneuve
GL,7,31,25,15,22,,,pt2,macron,elabe_202501,pt2,1001,2025-01-07,2025-01-08,polls/elabe_202501,pt2,ELABE,Les Echos,une image très positive,une image plutôt positive,une image plutôt négative,une image très négative,sans opinion,,,5,"Pour chacune des personnalités suivantes, indiquez si vous en avez une image positive ou une image négative ? ",Gérard,Larcher,Les Républicains,,,,Gérard Larcher
MT,2,15,20,26,37,,,pt2,macron,elabe_202501,pt2,1001,2025-01-07,2025-01-08,polls/elabe_202501,pt2,ELABE,Les Echos,une image très positive,une image plutôt positive,une image plutôt négative,une image très négative,sans opinion,,,5,"Pour chacune des personnalités suivantes, indiquez si vous en avez une image positive ou une image négative ? ",Marine,Tondelier,Europe Écologie Les Verts,,,,Marine Tondelier
LW,7,21,30,24,18,,,pt2,macron,elabe_202501,pt2,1001,2025-01-07,2025-01-08,polls/elabe_202501,pt2,ELABE,Les Echos,une image très positive,une image plutôt positive,une image plutôt négative,une image très négative,sans opinion,,,5,"Pour chacune des personnalités suivantes, indiquez si vous en avez une image positive ou une image négative ? ",Laurent,Wauquiez,Les Républicains,,,,Laurent Wauquiez
YBP,7,33,13,11,36,,,pt2,macron,elabe_202501,pt2,1001,2025-01-07,2025-01-08,polls/elabe_202501,pt2,ELABE,Les Echos,une image très positive,une image plutôt positive,une image plutôt négative,une image très négative,sans opinion,,,5,"Pour chacune des personnalités suivantes, indiquez si vous en avez une image positive ou une image négative ? ",Yaël,Braun-Pivet,,,,,Yaël Braun-Pivet
JLM,6,3,6,77,8,,,pt2,macron,elabe_202501,pt2,1001,2025-01-07,2025-01-08,polls/elabe_202501,pt2,ELABE,Les Echos,une image très positive,une image plutôt positive,une image plutôt négative,une image très négative,sans opinion,,,5,"Pour chacune des personnalités suivantes, indiquez si vous en avez une image positive ou une image négative ? ",Jean-Luc,Mélenchon,La France Insoumise,,,,Jean-Luc Mélenchon
EZ,3,7,11,73,6,,,pt2,macron,elabe_202501,pt2,1001,2025-01-07,2025-01-08,polls/elabe_202501,pt2,ELABE,Les Echos,une image très positive,une image plutôt positive,une image plutôt négative,une image très négative,sans opinion,,,5,"Pour chacune des personnalités suivantes, indiquez si vous en avez une image positive ou une image négative ? ",Eric,Zemmour,,,,,Eric Zemmour
MBa,13,44,18,9,16,,,pt2,macron,elabe_202501,pt2,1001,2025-01-07,2025-01-08,polls/elabe_202501,pt2,ELABE,Les Echos,une image très positive,une image plutôt positive,une image plutôt négative,une image très négative,sans opinion,,,5,"Pour chacune des personnalités suivantes, indiquez si vous en avez une image positive ou une image négative ? ",Michel,Barnier,Les Républicains,,,,Michel Barnier
GA,19,56,15,3,7,,,pt2,macron,elabe_202501,pt2,1001,2025-01-07,2025-01-08,polls/elabe_202501,pt2,ELABE,Les Echos,une image très positive,une image plutôt positive,une image plutôt négative,une image très négative,sans opinion,,,5,"Pour chacune des personnalités suivantes, indiquez si vous en avez une image positive ou une image négative ? ",Gabriel,Attal,La République En Marche,,,,Gabriel Attal
BR,18,33,17,12,20,,,pt2,macron,elabe_202501,pt2,1001,2025-01-07,2025-01-08,polls/elabe_202501,pt2,ELABE,Les Echos,une image très positive,une image plutôt positive,une image plutôt négative,une image très négative,sans opinion,,,5,"Pour chacune des personnalités suivantes, indiquez si vous en avez une image positive ou une image négative ? ",Bruno,Retailleau,Les Républicains,,,,Bruno Retailleau
SL,5,38,15,9,33,,,pt2,macron,elabe_202501,pt2,1001,2025-01-07,2025-01-08,polls/elabe_202501,pt2,ELABE,Les Echos,une image très positive,une image plutôt positive,une image plutôt négative,une image très négative,sans opinion,,,5,"Pour chacune des personnalités suivantes, indiquez si vous en avez une image positive ou une image négative ? ",Sébastien,Lecornu,Les Républicains,,,,Sébastien Lecornu
VP,7,22,34,23,14,,,pt2,macron,elabe_202501,pt2,1001,2025-01-07,2025-01-08,polls/elabe_202501,pt2,ELABE,Les Echos,une image très positive,une image plutôt positive,une image plutôt négative,une image très négative,sans opinion,,,5,"Pour chacune des personnalités suivantes, indiquez si vous en avez une image positive ou une image négative ? ",Valérie,Pécresse,Les Républicains,,,,Valérie Pécresse
EB,7,45,28,10,10,,,pt2,macron,elabe_202501,pt2,1001,2025-01-07,2025-01-08,polls/elabe_202501,pt2,ELABE,Les Echos,une image très positive,une image plutôt positive,une image plutôt négative,une image très négative,sans opinion,,,5,"Pour chacune des personnalités suivantes, indiquez si vous en avez une image positive ou une image négative ? ",Elisabeth,Borne,La République En Marche,,,,Elisabeth Borne
MV,7,29,27,23,14,,,pt2,macron,elabe_202501,pt2,1001,2025-01-07,2025-01-08,polls/elabe_202501,pt2,ELABE,Les Echos,une image très positive,une image plutôt positive,une image plutôt négative,une image très négative,sans opinion,,,5,"Pour chacune des personnalités suivantes, indiquez si vous en avez une image positive ou une image négative ? ",Manuel,Valls,,,,,Manuel Valls
NDA,3,15,22,46,14,,,pt2,macron,elabe_202501,pt2,1001,2025-01-07,2025-01-08,polls/elabe_202501,pt2,ELABE,Les Echos,une image très positive,une image plutôt positive,une image plutôt négative,une image très négative,sans opinion,,,5,"Pour chacune des personnalités suivantes, indiquez si vous en avez une image positive ou une image négative ? ",Nicolas,Dupont-Aignan,,,,,Nicolas Dupont-Aignan
FRe,6,21,16,10,47,,,pt2,macron,elabe_202501,pt2,1001,2025-01-07,2025-01-08,polls/elabe_202501,pt2,ELABE,Les Echos,une image très positive,une image plutôt positive,une image plutôt négative,une image très négative,sans opinion,,,5,"Pour chacune des personnalités suivantes, indiquez si vous en avez une image positive ou une image négative ? ",François, Rebsamen,,,,,François  Rebsamen
EP,14,59,11,4,12,,,pt2,macron,elabe_202502,pt2,1000,2025-02-11,2025-02-12,polls/elabe_202502,pt2,ELABE,Les Echos,une image très positive,une image plutôt positive,une image plutôt négative,une image très négative,sans opinion,,,5,"Pour chacune des personnalités suivantes, indiquez si vous en avez une image positive ou une image négative ? ",Edouard,Philippe,,,,,Edouard Philippe
JB,5,21,17,50,7,,,pt2,macron,elabe_202502,pt2,1000,2025-02-11,2025-02-12,polls/elabe_202502,pt2,ELABE,Les Echos,une image très positive,une image plutôt positive,une image plutôt négative,une image très négative,sans opinion,,,5,"Pour chacune des personnalités suivantes, indiquez si vous en avez une image positive ou une image négative ? ",Jordan,Bardella,Rassemblement National,,,,Jordan Bardella
MLP,5,17,17,52,9,,,pt2,macron,elabe_202502,pt2,1000,2025-02-11,2025-02-12,polls/elabe_202502,pt2,ELABE,Les Echos,une image très positive,une image plutôt positive,une image plutôt négative,une image très négative,sans opinion,,,5,"Pour chacune des personnalités suivantes, indiquez si vous en avez une image positive ou une image négative ? ",Marine,Le Pen,Rassemblement National,,,,Marine Le Pen
RG,8,39,16,17,20,,,pt2,macron,elabe_202502,pt2,1000,2025-02-11,2025-02-12,polls/elabe_202502,pt2,ELABE,Les Echos,une image très positive,une image plutôt positive,une image plutôt négative,une image très négative,sans opinion,,,5,"Pour chacune des personnalités suivantes, indiquez si vous en avez une image positive ou une image négative ? ",Raphaël,Glucksmann,,,,,Raphaël Glucksmann
FH,3,33,28,24,12,,,pt2,macron,elabe_202502,pt2,1000,2025-02-11,2025-02-12,polls/elabe_202502,pt2,ELABE,Les Echos,une image très positive,une image plutôt positive,une image plutôt négative,une image très négative,sans opinion,,,5,"Pour chacune des personnalités suivantes, indiquez si vous en avez une image positive ou une image négative ? ",François,Hollande,Parti Socialiste,,,,François Hollande
FR,5,18,25,18,34,,,pt2,macron,elabe_202502,pt2,1000,2025-02-11,2025-02-12,polls/elabe_202502,pt2,ELABE,Les Echos,une image très positive,une image plutôt positive,une image plutôt négative,une image très négative,sans opinion,,,5,"Pour chacune des personnalités suivantes, indiquez si vous en avez une image positive ou une image négative ? ",François,Ruffin,La France Insoumise,,,,François Ruffin
NS,6,27,32,25,10,,,pt2,macron,elabe_202502,pt2,1000,2025-02-11,2025-02-12,polls/elabe_202502,pt2,ELABE,Les Echos,une image très positive,une image plutôt positive,une image plutôt négative,une image très négative,sans opinion,,,5,"Pour chacune des personnalités suivantes, indiquez si vous en avez une image positive ou une image négative ? ",Nicolas,Sarkozy,Les Républicains,,,,Nicolas Sarkozy
FRo,4,31,22,20,23,,,pt2,macron,elabe_202502,pt2,1000,2025-02-11,2025-02-12,polls/elabe_202502,pt2,ELABE,Les Echos,une image très positive,une image plutôt positive,une image plutôt négative,une image très négative,sans opinion,,,5,"Pour chacune des personnalités suivantes, indiquez si vous en avez une image positive ou une image négative ? ",Fabien,Roussel,Parti Communiste Français,,,,Fabien Roussel
GD,12,50,16,7,15,,,pt2,macron,elabe_202502,pt2,1000,2025-02-11,2025-02-12,polls/elabe_202502,pt2,ELABE,Les Echos,une image très positive,une image plutôt positive,une image plutôt négative,une image très négative,sans opinion,,,5,"Pour chacune des personnalités suivantes, indiquez si vous en avez une image positive ou une image négative ? ",Gérald,Darmanin,,,,,Gérald Darmanin
XB,5,41,21,12,21,,,pt2,macron,elabe_202502,pt2,1000,2025-02-11,2025-02-12,polls/elabe_202502,pt2,ELABE,Les Echos,une image très positive,une image plutôt positive,une image plutôt négative,une image très négative,sans opinion,,,5,"Pour chacune des personnalités suivantes, indiquez si vous en avez une image positive ou une image négative ? ",Xavier,Bertrand,Les Républicains,,,,Xavier Bertrand
OF,3,23,23,18,33,,,pt2,macron,elabe_202502,pt2,1000,2025-02-11,2025-02-12,polls/elabe_202502,pt2,ELABE,Les Echos,une image très positive,une image plutôt positive,une image plutôt négative,une image très négative,sans opinion,,,5,"Pour chacune des personnalités suivantes, indiquez si vous en avez une image positive ou une image négative ? ",Olivier,Faure,Parti Socialiste,,,,Olivier Faure
RD,7,32,28,15,18,,,pt2,macron,elabe_202502,pt2,1000,2025-02-11,2025-02-12,polls/elabe_202502,pt2,ELABE,Les Echos,une image très positive,une image plutôt positive,une image plutôt négative,une image très négative,sans opinion,,,5,"Pour chacune des personnalités suivantes, indiquez si vous en avez une image positive ou une image négative ? ",Rachida,Dati,Les Républicains,,,,Rachida Dati
EC,4,11,22,50,13,,,pt2,macron,elabe_202502,pt2,1000,2025-02-11,2025-02-12,polls/elabe_202502,pt2,ELABE,Les Echos,une image très positive,une image plutôt positive,une image plutôt négative,une image très négative,sans opinion,,,5,"Pour chacune des personnalités suivantes, indiquez si vous en avez une image positive ou une image négative ? ",Eric,Ciotti,Les Républicains,,,,Eric Ciotti
GL,4,35,21,11,29,,,pt2,macron,elabe_202502,pt2,1000,2025-02-11,2025-02-12,polls/elabe_202502,pt2,ELABE,Les Echos,une image très positive,une image plutôt positive,une image plutôt négative,une image très négative,sans opinion,,,5,"Pour chacune des personnalités suivantes, indiquez si vous en avez une image positive ou une image négative ? ",Gérard,Larcher,Les Républicains,,,,Gérard Larcher
MT,3,13,15,32,37,,,pt2,macron,elabe_202502,pt2,1000,2025-02-11,2025-02-12,polls/elabe_202502,pt2,ELABE,Les Echos,une image très positive,une image plutôt positive,une image plutôt négative,une image très négative,sans opinion,,,5,"Pour chacune des personnalités suivantes, indiquez si vous en avez une image positive ou une image négative ? ",Marine,Tondelier,Europe Écologie Les Verts,,,,Marine Tondelier
LW,2,23,28,19,28,,,pt2,macron,elabe_202502,pt2,1000,2025-02-11,2025-02-12,polls/elabe_202502,pt2,ELABE,Les Echos,une image très positive,une image plutôt positive,une image plutôt négative,une image très négative,sans opinion,,,5,"Pour chacune des personnalités suivantes, indiquez si vous en avez une image positive ou une image négative ? ",Laurent,Wauquiez,Les Républicains,,,,Laurent Wauquiez
YBP,7,36,11,9,37,,,pt2,macron,elabe_202502,pt2,1000,2025-02-11,2025-02-12,polls/elabe_202502,pt2,ELABE,Les Echos,une image très positive,une image plutôt positive,une image plutôt négative,une image très négative,sans opinion,,,5,"Pour chacune des personnalités suivantes, indiquez si vous en avez une image positive ou une image négative ? ",Yaël,Braun-Pivet,,,,,Yaël Braun-Pivet
JLM,3,8,9,73,7,,,pt2,macron,elabe_202502,pt2,1000,2025-02-11,2025-02-12,polls/elabe_202502,pt2,ELABE,Les Echos,une image très positive,une image plutôt positive,une image plutôt négative,une image très négative,sans opinion,,,5,"Pour chacune des personnalités suivantes, indiquez si vous en avez une image positive ou une image négative ? ",Jean-Luc,Mélenchon,La France Insoumise,,,,Jean-Luc Mélenchon
EZ,2,7,12,71,8,,,pt2,macron,elabe_202502,pt2,1000,2025-02-11,2025-02-12,polls/elabe_202502,pt2,ELABE,Les Echos,une image très positive,une image plutôt positive,une image plutôt négative,une image très négative,sans opinion,,,5,"Pour chacune des personnalités suivantes, indiquez si vous en avez une image positive ou une image négative ? ",Eric,Zemmour,,,,,Eric Zemmour
MB,3,11,11,38,37,,,pt2,macron,elabe_202502,pt2,1000,2025-02-11,2025-02-12,polls/elabe_202502,pt2,ELABE,Les Echos,une image très positive,une image plutôt positive,une image plutôt négative,une image très négative,sans opinion,,,5,"Pour chacune des personnalités suivantes, indiquez si vous en avez une image positive ou une image négative ? ",Manuel,Bompard,La France Insoumise,,,,Manuel Bompard
MBa,7,44,23,3,23,,,pt2,macron,elabe_202502,pt2,1000,2025-02-11,2025-02-12,polls/elabe_202502,pt2,ELABE,Les Echos,une image très positive,une image plutôt positive,une image plutôt négative,une image très négative,sans opinion,,,5,"Pour chacune des personnalités suivantes, indiquez si vous en avez une image positive ou une image négative ? ",Michel,Barnier,Les Républicains,,,,Michel Barnier
GA,17,53,16,4,10,,,pt2,macron,elabe_202502,pt2,1000,2025-02-11,2025-02-12,polls/elabe_202502,pt2,ELABE,Les Echos,une image très positive,une image plutôt positive,une image plutôt négative,une image très négative,sans opinion,,,5,"Pour chacune des personnalités suivantes, indiquez si vous en avez une image positive ou une image négative ? ",Gabriel,Attal,La République En Marche,,,,Gabriel Attal
BR,13,36,15,10,26,,,pt2,macron,elabe_202502,pt2,1000,2025-02-11,2025-02-12,polls/elabe_202502,pt2,ELABE,Les Echos,une image très positive,une image plutôt positive,une image plutôt négative,une image très négative,sans opinion,,,5,"Pour chacune des personnalités suivantes, indiquez si vous en avez une image positive ou une image négative ? ",Bruno,Retailleau,Les Républicains,,,,Bruno Retailleau
CV,4,21,14,10,51,,,pt2,macron,elabe_202502,pt2,1000,2025-02-11,2025-02-12,polls/elabe_202502,pt2,ELABE,Les Echos,une image très positive,une image plutôt positive,une image plutôt négative,une image très négative,sans opinion,,,5,"Pour chacune des personnalités suivantes, indiquez si vous en avez une image positive ou une image négative ? ",Catherine,Vautrin,,,,,Catherine Vautrin
SL,5,32,13,7,43,,,pt2,macron,elabe_202502,pt2,1000,2025-02-11,2025-02-12,polls/elabe_202502,pt2,ELABE,Les Echos,une image très positive,une image plutôt positive,une image plutôt négative,une image très négative,sans opinion,,,5,"Pour chacune des personnalités suivantes, indiquez si vous en avez une image positive ou une image négative ? ",Sébastien,Lecornu,Les Républicains,,,,Sébastien Lecornu
VP,4,32,29,17,18,,,pt2,macron,elabe_202502,pt2,1000,2025-02-11,2025-02-12,polls/elabe_202502,pt2,ELABE,Les Echos,une image très positive,une image plutôt positive,une image plutôt négative,une image très négative,sans opinion,,,5,"Pour chacune des personnalités suivantes, indiquez si vous en avez une image positive ou une image négative ? ",Valérie,Pécresse,Les Républicains,,,,Valérie Pécresse
EB,6,45,26,11,12,,,pt2,macron,elabe_202502,pt2,1000,2025-02-11,2025-02-12,polls/elabe_202502,pt2,ELABE,Les Echos,une image très positive,une image plutôt positive,une image plutôt négative,une image très négative,sans opinion,,,5,"Pour chacune des personnalités suivantes, indiquez si vous en avez une image positive ou une image négative ? ",Elisabeth,Borne,La République En Marche,,,,Elisabeth Borne
EL,8,19,9,14,50,,,pt2,macron,elabe_202502,pt2,1000,2025-02-11,2025-02-12,polls/elabe_202502,pt2,ELABE,Les Echos,une image très positive,une image plutôt positive,une image plutôt négative,une image très négative,sans opinion,,,5,"Pour chacune des personnalités suivantes, indiquez si vous en avez une image positive ou une image négative ? ",Eric,Lombard,,,,,Eric Lombard
BV,2,12,14,18,54,,,pt2,macron,elabe_202502,pt2,1000,2025-02-11,2025-02-12,polls/elabe_202502,pt2,ELABE,Les Echos,une image très positive,une image plutôt positive,une image plutôt négative,une image très négative,sans opinion,,,5,"Pour chacune des personnalités suivantes, indiquez si vous en avez une image positive ou une image négative ? ",Boris,Vallaud,Parti Socialiste,,,,Boris Vallaud
MV,4,37,26,21,12,,,pt2,macron,elabe_202502,pt2,1000,2025-02-11,2025-02-12,polls/elabe_202502,pt2,ELABE,Les Echos,une image très positive,une image plutôt positive,une image plutôt négative,une image très négative,sans opinion,,,5,"Pour chacune des personnalités suivantes, indiquez si vous en avez une image positive ou une image négative ? ",Manuel,Valls,,,,,Manuel Valls
AB,3,26,16,12,43,,,pt2,macron,elabe_202502,pt2,1000,2025-02-11,2025-02-12,polls/elabe_202502,pt2,ELABE,Les Echos,une image très positive,une image plutôt positive,une image plutôt négative,une image très négative,sans opinion,,,5,"Pour chacune des personnalités suivantes, indiquez si vous en avez une image positive ou une image négative ? ",Aurore,Bergé,La République En Marche,,,,Aurore Bergé
SK,4,9,11,27,49,,,pt2,macron,elabe_202502,pt2,1000,2025-02-11,2025-02-12,polls/elabe_202502,pt2,ELABE,Les Echos,une image très positive,une image plutôt positive,une image plutôt négative,une image très négative,sans opinion,,,5,"Pour chacune des personnalités suivantes, indiquez si vous en avez une image positive ou une image négative ? ",Sarah,Knafo,,,,,Sarah Knafo
EP,20,56,14,4,6,,,pt2,macron,elabe_202503,pt2,1016,2025-03-04,2025-03-05,polls/elabe_202503,pt2,ELABE,Les Echos,une image très positive,une image plutôt positive,une image plutôt négative,une image très négative,sans opinion,,,5,"Pour chacune des personnalités suivantes, indiquez si vous en avez une image positive ou une image négative ? ",Edouard,Philippe,,,,,Edouard Philippe
JB,7,20,14,49,10,,,pt2,macron,elabe_202503,pt2,1016,2025-03-04,2025-03-05,polls/elabe_202503,pt2,ELABE,Les Echos,une image très positive,une image plutôt positive,une image plutôt négative,une image très négative,sans opinion,,,5,"Pour chacune des personnalités suivantes, indiquez si vous en avez une image positive ou une image négative ? ",Jordan,Bardella,Rassemblement National,,,,Jordan Bardella
MLP,5,14,13,60,8,,,pt2,macron,elabe_202503,pt2,1016,2025-03-04,2025-03-05,polls/elabe_202503,pt2,ELABE,Les Echos,une image très positive,une image plutôt positive,une image plutôt négative,une image très négative,sans opinion,,,5,"Pour chacune des personnalités suivantes, indiquez si vous en avez une image positive ou une image négative ? ",Marine,Le Pen,Rassemblement National,,,,Marine Le Pen
RG,9,30,21,13,27,,,pt2,macron,elabe_202503,pt2,1016,2025-03-04,2025-03-05,polls/elabe_202503,pt2,ELABE,Les Echos,une image très positive,une image plutôt positive,une image plutôt négative,une image très négative,sans opinion,,,5,"Pour chacune des personnalités suivantes, indiquez si vous en avez une image positive ou une image négative ? ",Raphaël,Glucksmann,,,,,Raphaël Glucksmann
FH,2,31,36,21,10,,,pt2,macron,elabe_202503,pt2,1016,2025-03-04,2025-03-05,polls/elabe_202503,pt2,ELABE,Les Echos,une image très positive,une image plutôt positive,une image plutôt négative,une image très négative,sans opinion,,,5,"Pour chacune des personnalités suivantes, indiquez si vous en avez une image positive ou une image négative ? ",François,Hollande,Parti Socialiste,,,,François Hollande
FR,2,24,21,23,30,,,pt2,macron,elabe_202503,pt2,1016,2025-03-04,2025-03-05,polls/elabe_202503,pt2,ELABE,Les Echos,une image très positive,une image plutôt positive,une image plutôt négative,une image très négative,sans opinion,,,5,"Pour chacune des personnalités suivantes, indiquez si vous en avez une image positive ou une image négative ? ",François,Ruffin,La France Insoumise,,,,François Ruffin
NS,5,33,30,21,11,,,pt2,macron,elabe_202503,pt2,1016,2025-03-04,2025-03-05,polls/elabe_202503,pt2,ELABE,Les Echos,une image très positive,une image plutôt positive,une image plutôt négative,une image très négative,sans opinion,,,5,"Pour chacune des personnalités suivantes, indiquez si vous en avez une image positive ou une image négative ? ",Nicolas,Sarkozy,Les Républicains,,,,Nicolas Sarkozy
FRo,2,17,34,18,29,,,pt2,macron,elabe_202503,pt2,1016,2025-03-04,2025-03-05,polls/elabe_202503,pt2,ELABE,Les Echos,une image très positive,une image plutôt positive,une image plutôt négative,une image très négative,sans opinion,,,5,"Pour chacune des personnalités suivantes, indiquez si vous en avez une image positive ou une image négative ? ",Fabien,Roussel,Parti Communiste Français,,,,Fabien Roussel
GD,9,56,20,6,9,,,pt2,macron,elabe_202503,pt2,1016,2025-03-04,2025-03-05,polls/elabe_202503,pt2,ELABE,Les Echos,une image très positive,une image plutôt positive,une image plutôt négative,une image très négative,sans opinion,,,5,"Pour chacune des personnalités suivantes, indiquez si vous en avez une image positive ou une image négative ? ",Gérald,Darmanin,,,,,Gérald Darmanin
DV,3,37,21,17,22,,,pt2,macron,elabe_202503,pt2,1016,2025-03-04,2025-03-05,polls/elabe_202503,pt2,ELABE,Les Echos,une image très positive,une image plutôt positive,une image plutôt négative,une image très négative,sans opinion,,,5,"Pour chacune des personnalités suivantes, indiquez si vous en avez une image positive ou une image négative ? ",Dominique,de Villepin,,,,,Dominique de Villepin
XB,6,39,22,11,22,,,pt2,macron,elabe_202503,pt2,1016,2025-03-04,2025-03-05,polls/elabe_202503,pt2,ELABE,Les Echos,une image très positive,une image plutôt positive,une image plutôt négative,une image très négative,sans opinion,,,5,"Pour chacune des personnalités suivantes, indiquez si vous en avez une image positive ou une image négative ? ",Xavier,Bertrand,Les Républicains,,,,Xavier Bertrand
OF,2,23,27,18,30,,,pt2,macron,elabe_202503,pt2,1016,2025-03-04,2025-03-05,polls/elabe_202503,pt2,ELABE,Les Echos,une image très positive,une image plutôt positive,une image plutôt négative,une image très négative,sans opinion,,,5,"Pour chacune des personnalités suivantes, indiquez si vous en avez une image positive ou une image négative ? ",Olivier,Faure,Parti Socialiste,,,,Olivier Faure
RD,4,37,27,16,16,,,pt2,macron,elabe_202503,pt2,1016,2025-03-04,2025-03-05,polls/elabe_202503,pt2,ELABE,Les Echos,une image très positive,une image plutôt positive,une image plutôt négative,une image très négative,sans opinion,,,5,"Pour chacune des personnalités suivantes, indiquez si vous en avez une image positive ou une image négative ? ",Rachida,Dati,Les Républicains,,,,Rachida Dati
EC,4,14,23,46,13,,,pt2,macron,elabe_202503,pt2,1016,2025-03-04,2025-03-05,polls/elabe_202503,pt2,ELABE,Les Echos,une image très positive,une image plutôt positive,une image plutôt négative,une image très négative,sans opinion,,,5,"Pour chacune des personnalités suivantes, indiquez si vous en avez une image positive ou une image négative ? ",Eric,Ciotti,Les Républicains,,,,Eric Ciotti
GL,2,33,30,12,23,,,pt2,macron,elabe_202503,pt2,1016,2025-03-04,2025-03-05,polls/elabe_202503,pt2,ELABE,Les Echos,une image très positive,une image plutôt positive,une image plutôt négative,une image très négative,sans opinion,,,5,"Pour chacune des personnalités suivantes, indiquez si vous en avez une image positive ou une image négative ? ",Gérard,Larcher,Les Républicains,,,,Gérard Larcher
MT,0,13,23,28,36,,,pt2,macron,elabe_202503,pt2,1016,2025-03-04,2025-03-05,polls/elabe_202503,pt2,ELABE,Les Echos,une image très positive,une image plutôt positive,une image plutôt négative,une image très négative,sans opinion,,,5,"Pour chacune des personnalités suivantes, indiquez si vous en avez une image positive ou une image négative ? ",Marine,Tondelier,Europe Écologie Les Verts,,,,Marine Tondelier
LW,2,28,27,22,21,,,pt2,macron,elabe_202503,pt2,1016,2025-03-04,2025-03-05,polls/elabe_202503,pt2,ELABE,Les Echos,une image très positive,une image plutôt positive,une image plutôt négative,une image très négative,sans opinion,,,5,"Pour chacune des personnalités suivantes, indiquez si vous en avez une image positive ou une image négative ? ",Laurent,Wauquiez,Les Républicains,,,,Laurent Wauquiez
YBP,6,45,9,7,33,,,pt2,macron,elabe_202503,pt2,1016,2025-03-04,2025-03-05,polls/elabe_202503,pt2,ELABE,Les Echos,une image très positive,une image plutôt positive,une image plutôt négative,une image très négative,sans opinion,,,5,"Pour chacune des personnalités suivantes, indiquez si vous en avez une image positive ou une image négative ? ",Yaël,Braun-Pivet,,,,,Yaël Braun-Pivet
JLM,2,7,8,80,3,,,pt2,macron,elabe_202503,pt2,1016,2025-03-04,2025-03-05,polls/elabe_202503,pt2,ELABE,Les Echos,une image très positive,une image plutôt positive,une image plutôt négative,une image très négative,sans opinion,,,5,"Pour chacune des personnalités suivantes, indiquez si vous en avez une image positive ou une image négative ? ",Jean-Luc,Mélenchon,La France Insoumise,,,,Jean-Luc Mélenchon
EZ,2,10,9,70,9,,,pt2,macron,elabe_202503,pt2,1016,2025-03-04,2025-03-05,polls/elabe_202503,pt2,ELABE,Les Echos,une image très positive,une image plutôt positive,une image plutôt négative,une image très négative,sans opinion,,,5,"Pour chacune des personnalités suivantes, indiquez si vous en avez une image positive ou une image négative ? ",Eric,Zemmour,,,,,Eric Zemmour
MB,0,10,18,37,35,,,pt2,macron,elabe_202503,pt2,1016,2025-03-04,2025-03-05,polls/elabe_202503,pt2,ELABE,Les Echos,une image très positive,une image plutôt positive,une image plutôt négative,une image très négative,sans opinion,,,5,"Pour chacune des personnalités suivantes, indiquez si vous en avez une image positive ou une image négative ? ",Manuel,Bompard,La France Insoumise,,,,Manuel Bompard
GA,20,57,10,8,5,,,pt2,macron,elabe_202503,pt2,1016,2025-03-04,2025-03-05,polls/elabe_202503,pt2,ELABE,Les Echos,une image très positive,une image plutôt positive,une image plutôt négative,une image très négative,sans opinion,,,5,"Pour chacune des personnalités suivantes, indiquez si vous en avez une image positive ou une image négative ? ",Gabriel,Attal,La République En Marche,,,,Gabriel Attal
BR,14,38,16,11,21,,,pt2,macron,elabe_202503,pt2,1016,2025-03-04,2025-03-05,polls/elabe_202503,pt2,ELABE,Les Echos,une image très positive,une image plutôt positive,une image plutôt négative,une image très négative,sans opinion,,,5,"Pour chacune des personnalités suivantes, indiquez si vous en avez une image positive ou une image négative ? ",Bruno,Retailleau,Les Républicains,,,,Bruno Retailleau
DL,4,16,10,11,59,,,pt2,macron,elabe_202503,pt2,1016,2025-03-04,2025-03-05,polls/elabe_202503,pt2,ELABE,Les Echos,une image très positive,une image plutôt positive,une image plutôt négative,une image très négative,sans opinion,,,5,"Pour chacune des personnalités suivantes, indiquez si vous en avez une image positive ou une image négative ? ",David,Lisnard,Les Républicains,,,,David Lisnard
SL,7,30,13,9,41,,,pt2,macron,elabe_202503,pt2,1016,2025-03-04,2025-03-05,polls/elabe_202503,pt2,ELABE,Les Echos,une image très positive,une image plutôt positive,une image plutôt négative,une image très négative,sans opinion,,,5,"Pour chacune des personnalités suivantes, indiquez si vous en avez une image positive ou une image négative ? ",Sébastien,Lecornu,Les Républicains,,,,Sébastien Lecornu
VP,2,32,30,23,13,,,pt2,macron,elabe_202503,pt2,1016,2025-03-04,2025-03-05,polls/elabe_202503,pt2,ELABE,Les Echos,une image très positive,une image plutôt positive,une image plutôt négative,une image très négative,sans opinion,,,5,"Pour chacune des personnalités suivantes, indiquez si vous en avez une image positive ou une image négative ? ",Valérie,Pécresse,Les Républicains,,,,Valérie Pécresse
EB,3,44,23,17,13,,,pt2,macron,elabe_202503,pt2,1016,2025-03-04,2025-03-05,polls/elabe_202503,pt2,ELABE,Les Echos,une image très positive,une image plutôt positive,une image plutôt négative,une image très négative,sans opinion,,,5,"Pour chacune des personnalités suivantes, indiquez si vous en avez une image positive ou une image négative ? ",Elisabeth,Borne,La République En Marche,,,,Elisabeth Borne
EL,2,19,15,19,45,,,pt2,macron,elabe_202503,pt2,1016,2025-03-04,2025-03-05,polls/elabe_202503,pt2,ELABE,Les Echos,une image très positive,une image plutôt positive,une image plutôt négative,une image très négative,sans opinion,,,5,"Pour chacune des personnalités suivantes, indiquez si vous en avez une image positive ou une image négative ? ",Eric,Lombard,,,,,Eric Lombard
MV,3,31,29,23,14,,,pt2,macron,elabe_202503,pt2,1016,2025-03-04,2025-03-05,polls/elabe_202503,pt2,ELABE,Les Echos,une image très positive,une image plutôt positive,une image plutôt négative,une image très négative,sans opinion,,,5,"Pour chacune des personnalités suivantes, indiquez si vous en avez une image positive ou une image négative ? ",Manuel,Valls,,,,,Manuel Valls
SK,3,9,9,31,48,,,pt2,macron,elabe_202503,pt2,1016,2025-03-04,2025-03-05,polls/elabe_202503,pt2,ELABE,Les Echos,une image très positive,une image plutôt positive,une image plutôt négative,une image très négative,sans opinion,,,5,"Pour chacune des personnalités suivantes, indiquez si vous en avez une image positive ou une image négative ? ",Sarah,Knafo,,,,,Sarah Knafo
NDA,2,10,27,39,22,,,pt2,macron,elabe_202503,pt2,1016,2025-03-04,2025-03-05,polls/elabe_202503,pt2,ELABE,Les Echos,une image très positive,une image plutôt positive,une image plutôt négative,une image très négative,sans opinion,,,5,"Pour chacune des personnalités suivantes, indiquez si vous en avez une image positive ou une image négative ? ",Nicolas,Dupont-Aignan,,,,,Nicolas Dupont-Aignan
EP,22,51,12,7,8,,,pt2,macron,elabe_202504,pt2,1000,2025-04-01,2025-04-02,polls/elabe_202504,pt2,ELABE,Les Echos,une image très positive,une image plutôt positive,une image plutôt négative,une image très négative,sans opinion,,,5,"Pour chacune des personnalités suivantes, indiquez si vous en avez une image positive ou une image négative ? ",Edouard,Philippe,,,,,Edouard Philippe
JB,3,16,18,57,6,,,pt2,macron,elabe_202504,pt2,1000,2025-04-01,2025-04-02,polls/elabe_202504,pt2,ELABE,Les Echos,une image très positive,une image plutôt positive,une image plutôt négative,une image très négative,sans opinion,,,5,"Pour chacune des personnalités suivantes, indiquez si vous en avez une image positive ou une image négative ? ",Jordan,Bardella,Rassemblement National,,,,Jordan Bardella
MLP,3,13,16,64,4,,,pt2,macron,elabe_202504,pt2,1000,2025-04-01,2025-04-02,polls/elabe_202504,pt2,ELABE,Les Echos,une image très positive,une image plutôt positive,une image plutôt négative,une image très négative,sans opinion,,,5,"Pour chacune des personnalités suivantes, indiquez si vous en avez une image positive ou une image négative ? ",Marine,Le Pen,Rassemblement National,,,,Marine Le Pen
RG,9,34,17,13,27,,,pt2,macron,elabe_202504,pt2,1000,2025-04-01,2025-04-02,polls/elabe_202504,pt2,ELABE,Les Echos,une image très positive,une image plutôt positive,une image plutôt négative,une image très négative,sans opinion,,,5,"Pour chacune des personnalités suivantes, indiquez si vous en avez une image positive ou une image négative ? ",Raphaël,Glucksmann,,,,,Raphaël Glucksmann
FH,7,29,29,28,7,,,pt2,macron,elabe_202504,pt2,1000,2025-04-01,2025-04-02,polls/elabe_202504,pt2,ELABE,Les Echos,une image très positive,une image plutôt positive,une image plutôt négative,une image très négative,sans opinion,,,5,"Pour chacune des personnalités suivantes, indiquez si vous en avez une image positive ou une image négative ? ",François,Hollande,Parti Socialiste,,,,François Hollande
FR,3,21,23,25,28,,,pt2,macron,elabe_202504,pt2,1000,2025-04-01,2025-04-02,polls/elabe_202504,pt2,ELABE,Les Echos,une image très positive,une image plutôt positive,une image plutôt négative,une image très négative,sans opinion,,,5,"Pour chacune des personnalités suivantes, indiquez si vous en avez une image positive ou une image négative ? ",François,Ruffin,La France Insoumise,,,,François Ruffin
NS,4,25,28,33,10,,,pt2,macron,elabe_202504,pt2,1000,2025-04-01,2025-04-02,polls/elabe_202504,pt2,ELABE,Les Echos,une image très positive,une image plutôt positive,une image plutôt négative,une image très négative,sans opinion,,,5,"Pour chacune des personnalités suivantes, indiquez si vous en avez une image positive ou une image négative ? ",Nicolas,Sarkozy,Les Républicains,,,,Nicolas Sarkozy
FRo,3,27,26,20,24,,,pt2,macron,elabe_202504,pt2,1000,2025-04-01,2025-04-02,polls/elabe_202504,pt2,ELABE,Les Echos,une image très positive,une image plutôt positive,une image plutôt négative,une image très négative,sans opinion,,,5,"Pour chacune des personnalités suivantes, indiquez si vous en avez une image positive ou une image négative ? ",Fabien,Roussel,Parti Communiste Français,,,,Fabien Roussel
GD,9,56,13,11,11,,,pt2,macron,elabe_202504,pt2,1000,2025-04-01,2025-04-02,polls/elabe_202504,pt2,ELABE,Les Echos,une image très positive,une image plutôt positive,une image plutôt négative,une image très négative,sans opinion,,,5,"Pour chacune des personnalités suivantes, indiquez si vous en avez une image positive ou une image négative ? ",Gérald,Darmanin,,,,,Gérald Darmanin
DV,6,33,25,13,23,,,pt2,macron,elabe_202504,pt2,1000,2025-04-01,2025-04-02,polls/elabe_202504,pt2,ELABE,Les Echos,une image très positive,une image plutôt positive,une image plutôt négative,une image très négative,sans opinion,,,5,"Pour chacune des personnalités suivantes, indiquez si vous en avez une image positive ou une image négative ? ",Dominique,de Villepin,,,,,Dominique de Villepin
MM,3,13,16,62,6,,,pt2,macron,elabe_202504,pt2,1000,2025-04-01,2025-04-02,polls/elabe_202504,pt2,ELABE,Les Echos,une image très positive,une image plutôt positive,une image plutôt négative,une image très négative,sans opinion,,,5,"Pour chacune des personnalités suivantes, indiquez si vous en avez une image positive ou une image négative ? ",Marion,Maréchal,,,,,Marion Maréchal
XB,5,36,26,12,21,,,pt2,macron,elabe_202504,pt2,1000,2025-04-01,2025-04-02,polls/elabe_202504,pt2,ELABE,Les Echos,une image très positive,une image plutôt positive,une image plutôt négative,une image très négative,sans opinion,,,5,"Pour chacune des personnalités suivantes, indiquez si vous en avez une image positive ou une image négative ? ",Xavier,Bertrand,Les Républicains,,,,Xavier Bertrand
OF,2,23,24,20,31,,,pt2,macron,elabe_202504,pt2,1000,2025-04-01,2025-04-02,polls/elabe_202504,pt2,ELABE,Les Echos,une image très positive,une image plutôt positive,une image plutôt négative,une image très négative,sans opinion,,,5,"Pour chacune des personnalités suivantes, indiquez si vous en avez une image positive ou une image négative ? ",Olivier,Faure,Parti Socialiste,,,,Olivier Faure
RD,5,33,29,22,11,,,pt2,macron,elabe_202504,pt2,1000,2025-04-01,2025-04-02,polls/elabe_202504,pt2,ELABE,Les Echos,une image très positive,une image plutôt positive,une image plutôt négative,une image très négative,sans opinion,,,5,"Pour chacune des personnalités suivantes, indiquez si vous en avez une image positive ou une image négative ? ",Rachida,Dati,Les Républicains,,,,Rachida Dati
EC,1,12,17,58,12,,,pt2,macron,elabe_202504,pt2,1000,2025-04-01,2025-04-02,polls/elabe_202504,pt2,ELABE,Les Echos,une image très positive,une image plutôt positive,une image plutôt négative,une image très négative,sans opinion,,,5,"Pour chacune des personnalités suivantes, indiquez si vous en avez une image positive ou une image négative ? ",Eric,Ciotti,Les Républicains,,,,Eric Ciotti
GL,5,23,25,17,30,,,pt2,macron,elabe_202504,pt2,1000,2025-04-01,2025-04-02,polls/elabe_202504,pt2,ELABE,Les Echos,une image très positive,une image plutôt positive,une image plutôt négative,une image très négative,sans opinion,,,5,"Pour chacune des personnalités suivantes, indiquez si vous en avez une image positive ou une image négative ? ",Gérard,Larcher,Les Républicains,,,,Gérard Larcher
MT,2,9,28,30,31,,,pt2,macron,elabe_202504,pt2,1000,2025-04-01,2025-04-02,polls/elabe_202504,pt2,ELABE,Les Echos,une image très positive,une image plutôt positive,une image plutôt négative,une image très négative,sans opinion,,,5,"Pour chacune des personnalités suivantes, indiquez si vous en avez une image positive ou une image négative ? ",Marine,Tondelier,Europe Écologie Les Verts,,,,Marine Tondelier
LW,2,24,25,31,18,,,pt2,macron,elabe_202504,pt2,1000,2025-04-01,2025-04-02,polls/elabe_202504,pt2,ELABE,Les Echos,une image très positive,une image plutôt positive,une image plutôt négative,une image très négative,sans opinion,,,5,"Pour chacune des personnalités suivantes, indiquez si vous en avez une image positive ou une image négative ? ",Laurent,Wauquiez,Les Républicains,,,,Laurent Wauquiez
YBP,8,31,12,10,39,,,pt2,macron,elabe_202504,pt2,1000,2025-04-01,2025-04-02,polls/elabe_202504,pt2,ELABE,Les Echos,une image très positive,une image plutôt positive,une image plutôt négative,une image très négative,sans opinion,,,5,"Pour chacune des personnalités suivantes, indiquez si vous en avez une image positive ou une image négative ? ",Yaël,Braun-Pivet,,,,,Yaël Braun-Pivet
JLM,1,4,7,84,4,,,pt2,macron,elabe_202504,pt2,1000,2025-04-01,2025-04-02,polls/elabe_202504,pt2,ELABE,Les Echos,une image très positive,une image plutôt positive,une image plutôt négative,une image très négative,sans opinion,,,5,"Pour chacune des personnalités suivantes, indiquez si vous en avez une image positive ou une image négative ? ",Jean-Luc,Mélenchon,La France Insoumise,,,,Jean-Luc Mélenchon
EZ,0,7,14,76,3,,,pt2,macron,elabe_202504,pt2,1000,2025-04-01,2025-04-02,polls/elabe_202504,pt2,ELABE,Les Echos,une image très positive,une image plutôt positive,une image plutôt négative,une image très négative,sans opinion,,,5,"Pour chacune des personnalités suivantes, indiquez si vous en avez une image positive ou une image négative ? ",Eric,Zemmour,,,,,Eric Zemmour
MBa,6,46,22,10,16,,,pt2,macron,elabe_202504,pt2,1000,2025-04-01,2025-04-02,polls/elabe_202504,pt2,ELABE,Les Echos,une image très positive,une image plutôt positive,une image plutôt négative,une image très négative,sans opinion,,,5,"Pour chacune des personnalités suivantes, indiquez si vous en avez une image positive ou une image négative ? ",Michel,Barnier,Les Républicains,,,,Michel Barnier
GA,21,56,11,4,8,,,pt2,macron,elabe_202504,pt2,1000,2025-04-01,2025-04-02,polls/elabe_202504,pt2,ELABE,Les Echos,une image très positive,une image plutôt positive,une image plutôt négative,une image très négative,sans opinion,,,5,"Pour chacune des personnalités suivantes, indiquez si vous en avez une image positive ou une image négative ? ",Gabriel,Attal,La République En Marche,,,,Gabriel Attal
BR,12,37,15,17,19,,,pt2,macron,elabe_202504,pt2,1000,2025-04-01,2025-04-02,polls/elabe_202504,pt2,ELABE,Les Echos,une image très positive,une image plutôt positive,une image plutôt négative,une image très négative,sans opinion,,,5,"Pour chacune des personnalités suivantes, indiquez si vous en avez une image positive ou une image négative ? ",Bruno,Retailleau,Les Républicains,,,,Bruno Retailleau
SL,9,27,11,11,42,,,pt2,macron,elabe_202504,pt2,1000,2025-04-01,2025-04-02,polls/elabe_202504,pt2,ELABE,Les Echos,une image très positive,une image plutôt positive,une image plutôt négative,une image très négative,sans opinion,,,5,"Pour chacune des personnalités suivantes, indiquez si vous en avez une image positive ou une image négative ? ",Sébastien,Lecornu,Les Républicains,,,,Sébastien Lecornu
VP,4,28,29,25,14,,,pt2,macron,elabe_202504,pt2,1000,2025-04-01,2025-04-02,polls/elabe_202504,pt2,ELABE,Les Echos,une image très positive,une image plutôt positive,une image plutôt négative,une image très négative,sans opinion,,,5,"Pour chacune des personnalités suivantes, indiquez si vous en avez une image positive ou une image négative ? ",Valérie,Pécresse,Les Républicains,,,,Valérie Pécresse
EB,4,43,28,16,9,,,pt2,macron,elabe_202504,pt2,1000,2025-04-01,2025-04-02,polls/elabe_202504,pt2,ELABE,Les Echos,une image très positive,une image plutôt positive,une image plutôt négative,une image très négative,sans opinion,,,5,"Pour chacune des personnalités suivantes, indiquez si vous en avez une image positive ou une image négative ? ",Elisabeth,Borne,La République En Marche,,,,Elisabeth Borne
EL,3,14,16,17,50,,,pt2,macron,elabe_202504,pt2,1000,2025-04-01,2025-04-02,polls/elabe_202504,pt2,ELABE,Les Echos,une image très positive,une image plutôt positive,une image plutôt négative,une image très négative,sans opinion,,,5,"Pour chacune des personnalités suivantes, indiquez si vous en avez une image positive ou une image négative ? ",Eric,Lombard,,,,,Eric Lombard
BV,1,8,20,13,58,,,pt2,macron,elabe_202504,pt2,1000,2025-04-01,2025-04-02,polls/elabe_202504,pt2,ELABE,Les Echos,une image très positive,une image plutôt positive,une image plutôt négative,une image très négative,sans opinion,,,5,"Pour chacune des personnalités suivantes, indiquez si vous en avez une image positive ou une image négative ? ",Boris,Vallaud,Parti Socialiste,,,,Boris Vallaud
MV,1,24,34,28,13,,,pt2,macron,elabe_202504,pt2,1000,2025-04-01,2025-04-02,polls/elabe_202504,pt2,ELABE,Les Echos,une image très positive,une image plutôt positive,une image plutôt négative,une image très négative,sans opinion,,,5,"Pour chacune des personnalités suivantes, indiquez si vous en avez une image positive ou une image négative ? ",Manuel,Valls,,,,,Manuel Valls
EP,25,58,7,2,8,,,pt2,macron,elabe_202505,pt2,1002,2025-04-29,2025-04-30,polls/elabe_202505,pt2,ELABE,Les Echos,une image très positive,une image plutôt positive,une image plutôt négative,une image très négative,sans opinion,,,5,"Pour chacune des personnalités suivantes, indiquez si vous en avez une image positive ou une image négative ? ",Edouard,Philippe,,,,,Edouard Philippe
JB,5,16,19,55,5,,,pt2,macron,elabe_202505,pt2,1002,2025-04-29,2025-04-30,polls/elabe_202505,pt2,ELABE,Les Echos,une image très positive,une image plutôt positive,une image plutôt négative,une image très négative,sans opinion,,,5,"Pour chacune des personnalités suivantes, indiquez si vous en avez une image positive ou une image négative ? ",Jordan,Bardella,Rassemblement National,,,,Jordan Bardella
MLP,3,18,15,60,4,,,pt2,macron,elabe_202505,pt2,1002,2025-04-29,2025-04-30,polls/elabe_202505,pt2,ELABE,Les Echos,une image très positive,une image plutôt positive,une image plutôt négative,une image très négative,sans opinion,,,5,"Pour chacune des personnalités suivantes, indiquez si vous en avez une image positive ou une image négative ? ",Marine,Le Pen,Rassemblement National,,,,Marine Le Pen
RG,6,39,20,10,25,,,pt2,macron,elabe_202505,pt2,1002,2025-04-29,2025-04-30,polls/elabe_202505,pt2,ELABE,Les Echos,une image très positive,une image plutôt positive,une image plutôt négative,une image très négative,sans opinion,,,5,"Pour chacune des personnalités suivantes, indiquez si vous en avez une image positive ou une image négative ? ",Raphaël,Glucksmann,,,,,Raphaël Glucksmann
FH,7,29,32,24,8,,,pt2,macron,elabe_202505,pt2,1002,2025-04-29,2025-04-30,polls/elabe_202505,pt2,ELABE,Les Echos,une image très positive,une image plutôt positive,une image plutôt négative,une image très négative,sans opinion,,,5,"Pour chacune des personnalités suivantes, indiquez si vous en avez une image positive ou une image négative ? ",François,Hollande,Parti Socialiste,,,,François Hollande
FR,2,24,26,20,28,,,pt2,macron,elabe_202505,pt2,1002,2025-04-29,2025-04-30,polls/elabe_202505,pt2,ELABE,Les Echos,une image très positive,une image plutôt positive,une image plutôt négative,une image très négative,sans opinion,,,5,"Pour chacune des personnalités suivantes, indiquez si vous en avez une image positive ou une image négative ? ",François,Ruffin,La France Insoumise,,,,François Ruffin
NS,4,30,34,23,9,,,pt2,macron,elabe_202505,pt2,1002,2025-04-29,2025-04-30,polls/elabe_202505,pt2,ELABE,Les Echos,une image très positive,une image plutôt positive,une image plutôt négative,une image très négative,sans opinion,,,5,"Pour chacune des personnalités suivantes, indiquez si vous en avez une image positive ou une image négative ? ",Nicolas,Sarkozy,Les Républicains,,,,Nicolas Sarkozy
FRo,4,25,29,20,22,,,pt2,macron,elabe_202505,pt2,1002,2025-04-29,2025-04-30,polls/elabe_202505,pt2,ELABE,Les Echos,une image très positive,une image plutôt positive,une image plutôt négative,une image très négative,sans opinion,,,5,"Pour chacune des personnalités suivantes, indiquez si vous en avez une image positive ou une image négative ? ",Fabien,Roussel,Parti Communiste Français,,,,Fabien Roussel
GD,16,47,16,9,12,,,pt2,macron,elabe_202505,pt2,1002,2025-04-29,2025-04-30,polls/elabe_202505,pt2,ELABE,Les Echos,une image très positive,une image plutôt positive,une image plutôt négative,une image très négative,sans opinion,,,5,"Pour chacune des personnalités suivantes, indiquez si vous en avez une image positive ou une image négative ? ",Gérald,Darmanin,,,,,Gérald Darmanin
MM,3,13,18,58,8,,,pt2,macron,elabe_202505,pt2,1002,2025-04-29,2025-04-30,polls/elabe_202505,pt2,ELABE,Les Echos,une image très positive,une image plutôt positive,une image plutôt négative,une image très négative,sans opinion,,,5,"Pour chacune des personnalités suivantes, indiquez si vous en avez une image positive ou une image négative ? ",Marion,Maréchal,,,,,Marion Maréchal
XB,4,46,27,7,16,,,pt2,macron,elabe_202505,pt2,1002,2025-04-29,2025-04-30,polls/elabe_202505,pt2,ELABE,Les Echos,une image très positive,une image plutôt positive,une image plutôt négative,une image très négative,sans opinion,,,5,"Pour chacune des personnalités suivantes, indiquez si vous en avez une image positive ou une image négative ? ",Xavier,Bertrand,Les Républicains,,,,Xavier Bertrand
OF,4,21,30,16,29,,,pt2,macron,elabe_202505,pt2,1002,2025-04-29,2025-04-30,polls/elabe_202505,pt2,ELABE,Les Echos,une image très positive,une image plutôt positive,une image plutôt négative,une image très négative,sans opinion,,,5,"Pour chacune des personnalités suivantes, indiquez si vous en avez une image positive ou une image négative ? ",Olivier,Faure,Parti Socialiste,,,,Olivier Faure
EC,3,13,23,48,13,,,pt2,macron,elabe_202505,pt2,1002,2025-04-29,2025-04-30,polls/elabe_202505,pt2,ELABE,Les Echos,une image très positive,une image plutôt positive,une image plutôt négative,une image très négative,sans opinion,,,5,"Pour chacune des personnalités suivantes, indiquez si vous en avez une image positive ou une image négative ? ",Eric,Ciotti,Les Républicains,,,,Eric Ciotti
GL,5,28,22,15,30,,,pt2,macron,elabe_202505,pt2,1002,2025-04-29,2025-04-30,polls/elabe_202505,pt2,ELABE,Les Echos,une image très positive,une image plutôt positive,une image plutôt négative,une image très négative,sans opinion,,,5,"Pour chacune des personnalités suivantes, indiquez si vous en avez une image positive ou une image négative ? ",Gérard,Larcher,Les Républicains,,,,Gérard Larcher
MT,5,12,22,28,33,,,pt2,macron,elabe_202505,pt2,1002,2025-04-29,2025-04-30,polls/elabe_202505,pt2,ELABE,Les Echos,une image très positive,une image plutôt positive,une image plutôt négative,une image très négative,sans opinion,,,5,"Pour chacune des personnalités suivantes, indiquez si vous en avez une image positive ou une image négative ? ",Marine,Tondelier,Europe Écologie Les Verts,,,,Marine Tondelier
LW,4,28,29,21,18,,,pt2,macron,elabe_202505,pt2,1002,2025-04-29,2025-04-30,polls/elabe_202505,pt2,ELABE,Les Echos,une image très positive,une image plutôt positive,une image plutôt négative,une image très négative,sans opinion,,,5,"Pour chacune des personnalités suivantes, indiquez si vous en avez une image positive ou une image négative ? ",Laurent,Wauquiez,Les Républicains,,,,Laurent Wauquiez
YBP,13,37,14,5,31,,,pt2,macron,elabe_202505,pt2,1002,2025-04-29,2025-04-30,polls/elabe_202505,pt2,ELABE,Les Echos,une image très positive,une image plutôt positive,une image plutôt négative,une image très négative,sans opinion,,,5,"Pour chacune des personnalités suivantes, indiquez si vous en avez une image positive ou une image négative ? ",Yaël,Braun-Pivet,,,,,Yaël Braun-Pivet
JLM,5,5,13,73,4,,,pt2,macron,elabe_202505,pt2,1002,2025-04-29,2025-04-30,polls/elabe_202505,pt2,ELABE,Les Echos,une image très positive,une image plutôt positive,une image plutôt négative,une image très négative,sans opinion,,,5,"Pour chacune des personnalités suivantes, indiquez si vous en avez une image positive ou une image négative ? ",Jean-Luc,Mélenchon,La France Insoumise,,,,Jean-Luc Mélenchon
EZ,1,10,11,73,5,,,pt2,macron,elabe_202505,pt2,1002,2025-04-29,2025-04-30,polls/elabe_202505,pt2,ELABE,Les Echos,une image très positive,une image plutôt positive,une image plutôt négative,une image très négative,sans opinion,,,5,"Pour chacune des personnalités suivantes, indiquez si vous en avez une image positive ou une image négative ? ",Eric,Zemmour,,,,,Eric Zemmour
MBa,5,48,23,5,19,,,pt2,macron,elabe_202505,pt2,1002,2025-04-29,2025-04-30,polls/elabe_202505,pt2,ELABE,Les Echos,une image très positive,une image plutôt positive,une image plutôt négative,une image très négative,sans opinion,,,5,"Pour chacune des personnalités suivantes, indiquez si vous en avez une image positive ou une image négative ? ",Michel,Barnier,Les Républicains,,,,Michel Barnier
MP,3,10,17,41,29,,,pt2,macron,elabe_202505,pt2,1002,2025-04-29,2025-04-30,polls/elabe_202505,pt2,ELABE,Les Echos,une image très positive,une image plutôt positive,une image plutôt négative,une image très négative,sans opinion,,,5,"Pour chacune des personnalités suivantes, indiquez si vous en avez une image positive ou une image négative ? ",Mathilde,Panot,La France Insoumise,,,,Mathilde Panot
GA,22,55,11,3,9,,,pt2,macron,elabe_202505,pt2,1002,2025-04-29,2025-04-30,polls/elabe_202505,pt2,ELABE,Les Echos,une image très positive,une image plutôt positive,une image plutôt négative,une image très négative,sans opinion,,,5,"Pour chacune des personnalités suivantes, indiquez si vous en avez une image positive ou une image négative ? ",Gabriel,Attal,La République En Marche,,,,Gabriel Attal
BR,14,38,19,12,17,,,pt2,macron,elabe_202505,pt2,1002,2025-04-29,2025-04-30,polls/elabe_202505,pt2,ELABE,Les Echos,une image très positive,une image plutôt positive,une image plutôt négative,une image très négative,sans opinion,,,5,"Pour chacune des personnalités suivantes, indiquez si vous en avez une image positive ou une image négative ? ",Bruno,Retailleau,Les Républicains,,,,Bruno Retailleau
CV,2,23,21,9,45,,,pt2,macron,elabe_202505,pt2,1002,2025-04-29,2025-04-30,polls/elabe_202505,pt2,ELABE,Les Echos,une image très positive,une image plutôt positive,une image plutôt négative,une image très négative,sans opinion,,,5,"Pour chacune des personnalités suivantes, indiquez si vous en avez une image positive ou une image négative ? ",Catherine,Vautrin,,,,,Catherine Vautrin
SL,7,33,18,6,36,,,pt2,macron,elabe_202505,pt2,1002,2025-04-29,2025-04-30,polls/elabe_202505,pt2,ELABE,Les Echos,une image très positive,une image plutôt positive,une image plutôt négative,une image très négative,sans opinion,,,5,"Pour chacune des personnalités suivantes, indiquez si vous en avez une image positive ou une image négative ? ",Sébastien,Lecornu,Les Républicains,,,,Sébastien Lecornu
VP,4,30,33,20,13,,,pt2,macron,elabe_202505,pt2,1002,2025-04-29,2025-04-30,polls/elabe_202505,pt2,ELABE,Les Echos,une image très positive,une image plutôt positive,une image plutôt négative,une image très négative,sans opinion,,,5,"Pour chacune des personnalités suivantes, indiquez si vous en avez une image positive ou une image négative ? ",Valérie,Pécresse,Les Républicains,,,,Valérie Pécresse
EB,5,46,26,14,9,,,pt2,macron,elabe_202505,pt2,1002,2025-04-29,2025-04-30,polls/elabe_202505,pt2,ELABE,Les Echos,une image très positive,une image plutôt positive,une image plutôt négative,une image très négative,sans opinion,,,5,"Pour chacune des personnalités suivantes, indiquez si vous en avez une image positive ou une image négative ? ",Elisabeth,Borne,La République En Marche,,,,Elisabeth Borne
EL,4,21,21,12,42,,,pt2,macron,elabe_202505,pt2,1002,2025-04-29,2025-04-30,polls/elabe_202505,pt2,ELABE,Les Echos,une image très positive,une image plutôt positive,une image plutôt négative,une image très négative,sans opinion,,,5,"Pour chacune des personnalités suivantes, indiquez si vous en avez une image positive ou une image négative ? ",Eric,Lombard,,,,,Eric Lombard
BV,3,13,22,10,52,,,pt2,macron,elabe_202505,pt2,1002,2025-04-29,2025-04-30,polls/elabe_202505,pt2,ELABE,Les Echos,une image très positive,une image plutôt positive,une image plutôt négative,une image très négative,sans opinion,,,5,"Pour chacune des personnalités suivantes, indiquez si vous en avez une image positive ou une image négative ? ",Boris,Vallaud,Parti Socialiste,,,,Boris Vallaud
AdM,2,24,15,6,53,,,pt2,macron,elabe_202505,pt2,1002,2025-04-29,2025-04-30,polls/elabe_202505,pt2,ELABE,Les Echos,une image très positive,une image plutôt positive,une image plutôt négative,une image très négative,sans opinion,,,5,"Pour chacune des personnalités suivantes, indiquez si vous en avez une image positive ou une image négative ? ",Amélie,de Montchalin,,,,,Amélie de Montchalin
EP,24,53,11,5,7,,,pt2,macron,elabe_202412,pt2,1000,2024-12-10,2024-12-11,polls/elabe_202412,pt2,ELABE,Les Echos,une image très positive,une image plutôt positive,une image plutôt négative,une image très négative,sans opinion,,,5,"Pour chacune des personnalités suivantes, indiquez si vous en avez une image positive ou une image négative ? ",Edouard,Philippe,,,,,Edouard Philippe
JB,2,12,20,57,9,,,pt2,macron,elabe_202412,pt2,1000,2024-12-10,2024-12-11,polls/elabe_202412,pt2,ELABE,Les Echos,une image très positive,une image plutôt positive,une image plutôt négative,une image très négative,sans opinion,,,5,"Pour chacune des personnalités suivantes, indiquez si vous en avez une image positive ou une image négative ? ",Jordan,Bardella,Rassemblement National,,,,Jordan Bardella
MLP,3,6,19,67,5,,,pt2,macron,elabe_202412,pt2,1000,2024-12-10,2024-12-11,polls/elabe_202412,pt2,ELABE,Les Echos,une image très positive,une image plutôt positive,une image plutôt négative,une image très négative,sans opinion,,,5,"Pour chacune des personnalités suivantes, indiquez si vous en avez une image positive ou une image négative ? ",Marine,Le Pen,Rassemblement National,,,,Marine Le Pen
RG,8,40,15,11,26,,,pt2,macron,elabe_202412,pt2,1000,2024-12-10,2024-12-11,polls/elabe_202412,pt2,ELABE,Les Echos,une image très positive,une image plutôt positive,une image plutôt négative,une image très négative,sans opinion,,,5,"Pour chacune des personnalités suivantes, indiquez si vous en avez une image positive ou une image négative ? ",Raphaël,Glucksmann,,,,,Raphaël Glucksmann
FH,4,26,37,23,10,,,pt2,macron,elabe_202412,pt2,1000,2024-12-10,2024-12-11,polls/elabe_202412,pt2,ELABE,Les Echos,une image très positive,une image plutôt positive,une image plutôt négative,une image très négative,sans opinion,,,5,"Pour chacune des personnalités suivantes, indiquez si vous en avez une image positive ou une image négative ? ",François,Hollande,Parti Socialiste,,,,François Hollande
FR,4,23,26,20,27,,,pt2,macron,elabe_202412,pt2,1000,2024-12-10,2024-12-11,polls/elabe_202412,pt2,ELABE,Les Echos,une image très positive,une image plutôt positive,une image plutôt négative,une image très négative,sans opinion,,,5,"Pour chacune des personnalités suivantes, indiquez si vous en avez une image positive ou une image négative ? ",François,Ruffin,La France Insoumise,,,,François Ruffin
NS,4,32,31,22,11,,,pt2,macron,elabe_202412,pt2,1000,2024-12-10,2024-12-11,polls/elabe_202412,pt2,ELABE,Les Echos,une image très positive,une image plutôt positive,une image plutôt négative,une image très négative,sans opinion,,,5,"Pour chacune des personnalités suivantes, indiquez si vous en avez une image positive ou une image négative ? ",Nicolas,Sarkozy,Les Républicains,,,,Nicolas Sarkozy
FRo,2,26,26,19,27,,,pt2,macron,elabe_202412,pt2,1000,2024-12-10,2024-12-11,polls/elabe_202412,pt2,ELABE,Les Echos,une image très positive,une image plutôt positive,une image plutôt négative,une image très négative,sans opinion,,,5,"Pour chacune des personnalités suivantes, indiquez si vous en avez une image positive ou une image négative ? ",Fabien,Roussel,Parti Communiste Français,,,,Fabien Roussel
GD,9,49,23,8,11,,,pt2,macron,elabe_202412,pt2,1000,2024-12-10,2024-12-11,polls/elabe_202412,pt2,ELABE,Les Echos,une image très positive,une image plutôt positive,une image plutôt négative,une image très négative,sans opinion,,,5,"Pour chacune des personnalités suivantes, indiquez si vous en avez une image positive ou une image négative ? ",Gérald,Darmanin,,,,,Gérald Darmanin
FB,5,50,20,10,15,,,pt2,macron,elabe_202412,pt2,1000,2024-12-10,2024-12-11,polls/elabe_202412,pt2,ELABE,Les Echos,une image très positive,une image plutôt positive,une image plutôt négative,une image très négative,sans opinion,,,5,"Pour chacune des personnalités suivantes, indiquez si vous en avez une image positive ou une image négative ? ",François,Bayrou,Mouvement Démocrate,,,,François Bayrou
MM,4,8,21,63,4,,,pt2,macron,elabe_202412,pt2,1000,2024-12-10,2024-12-11,polls/elabe_202412,pt2,ELABE,Les Echos,une image très positive,une image plutôt positive,une image plutôt négative,une image très négative,sans opinion,,,5,"Pour chacune des personnalités suivantes, indiquez si vous en avez une image positive ou une image négative ? ",Marion,Maréchal,,,,,Marion Maréchal
XB,5,45,23,8,19,,,pt2,macron,elabe_202412,pt2,1000,2024-12-10,2024-12-11,polls/elabe_202412,pt2,ELABE,Les Echos,une image très positive,une image plutôt positive,une image plutôt négative,une image très négative,sans opinion,,,5,"Pour chacune des personnalités suivantes, indiquez si vous en avez une image positive ou une image négative ? ",Xavier,Bertrand,Les Républicains,,,,Xavier Bertrand
OF,1,20,30,17,32,,,pt2,macron,elabe_202412,pt2,1000,2024-12-10,2024-12-11,polls/elabe_202412,pt2,ELABE,Les Echos,une image très positive,une image plutôt positive,une image plutôt négative,une image très négative,sans opinion,,,5,"Pour chacune des personnalités suivantes, indiquez si vous en avez une image positive ou une image négative ? ",Olivier,Faure,Parti Socialiste,,,,Olivier Faure
RD,5,41,28,16,10,,,pt2,macron,elabe_202412,pt2,1000,2024-12-10,2024-12-11,polls/elabe_202412,pt2,ELABE,Les Echos,une image très positive,une image plutôt positive,une image plutôt négative,une image très négative,sans opinion,,,5,"Pour chacune des personnalités suivantes, indiquez si vous en avez une image positive ou une image négative ? ",Rachida,Dati,Les Républicains,,,,Rachida Dati
EC,3,6,22,56,13,,,pt2,macron,elabe_202412,pt2,1000,2024-12-10,2024-12-11,polls/elabe_202412,pt2,ELABE,Les Echos,une image très positive,une image plutôt positive,une image plutôt négative,une image très négative,sans opinion,,,5,"Pour chacune des personnalités suivantes, indiquez si vous en avez une image positive ou une image négative ? ",Eric,Ciotti,Les Républicains,,,,Eric Ciotti
BC,11,48,17,4,20,,,pt2,macron,elabe_202412,pt2,1000,2024-12-10,2024-12-11,polls/elabe_202412,pt2,ELABE,Les Echos,une image très positive,une image plutôt positive,une image plutôt négative,une image très négative,sans opinion,,,5,"Pour chacune des personnalités suivantes, indiquez si vous en avez une image positive ou une image négative ? ",Bernard,Cazeneuve,Parti Socialiste,,,,Bernard Cazeneuve
GL,7,33,22,12,26,,,pt2,macron,elabe_202412,pt2,1000,2024-12-10,2024-12-11,polls/elabe_202412,pt2,ELABE,Les Echos,une image très positive,une image plutôt positive,une image plutôt négative,une image très négative,sans opinion,,,5,"Pour chacune des personnalités suivantes, indiquez si vous en avez une image positive ou une image négative ? ",Gérard,Larcher,Les Républicains,,,,Gérard Larcher
MT,3,14,27,23,33,,,pt2,macron,elabe_202412,pt2,1000,2024-12-10,2024-12-11,polls/elabe_202412,pt2,ELABE,Les Echos,une image très positive,une image plutôt positive,une image plutôt négative,une image très négative,sans opinion,,,5,"Pour chacune des personnalités suivantes, indiquez si vous en avez une image positive ou une image négative ? ",Marine,Tondelier,Europe Écologie Les Verts,,,,Marine Tondelier
LW,5,28,33,12,22,,,pt2,macron,elabe_202412,pt2,1000,2024-12-10,2024-12-11,polls/elabe_202412,pt2,ELABE,Les Echos,une image très positive,une image plutôt positive,une image plutôt négative,une image très négative,sans opinion,,,5,"Pour chacune des personnalités suivantes, indiquez si vous en avez une image positive ou une image négative ? ",Laurent,Wauquiez,Les Républicains,,,,Laurent Wauquiez
YBP,8,41,9,5,37,,,pt2,macron,elabe_202412,pt2,1000,2024-12-10,2024-12-11,polls/elabe_202412,pt2,ELABE,Les Echos,une image très positive,une image plutôt positive,une image plutôt négative,une image très négative,sans opinion,,,5,"Pour chacune des personnalités suivantes, indiquez si vous en avez une image positive ou une image négative ? ",Yaël,Braun-Pivet,,,,,Yaël Braun-Pivet
JLM,2,1,10,82,5,,,pt2,macron,elabe_202412,pt2,1000,2024-12-10,2024-12-11,polls/elabe_202412,pt2,ELABE,Les Echos,une image très positive,une image plutôt positive,une image plutôt négative,une image très négative,sans opinion,,,5,"Pour chacune des personnalités suivantes, indiquez si vous en avez une image positive ou une image négative ? ",Jean-Luc,Mélenchon,La France Insoumise,,,,Jean-Luc Mélenchon
JYLD,13,41,13,4,29,,,pt2,macron,elabe_202412,pt2,1000,2024-12-10,2024-12-11,polls/elabe_202412,pt2,ELABE,Les Echos,une image très positive,une image plutôt positive,une image plutôt négative,une image très négative,sans opinion,,,5,"Pour chacune des personnalités suivantes, indiquez si vous en avez une image positive ou une image négative ? ",Jean-Yves,Le Drian,,,,,Jean-Yves Le Drian
EZ,3,5,8,79,5,,,pt2,macron,elabe_202412,pt2,1000,2024-12-10,2024-12-11,polls/elabe_202412,pt2,ELABE,Les Echos,une image très positive,une image plutôt positive,une image plutôt négative,une image très négative,sans opinion,,,5,"Pour chacune des personnalités suivantes, indiquez si vous en avez une image positive ou une image négative ? ",Eric,Zemmour,,,,,Eric Zemmour
MB,16,49,17,4,14,,,pt2,macron,elabe_202412,pt2,1000,2024-12-10,2024-12-11,polls/elabe_202412,pt2,ELABE,Les Echos,une image très positive,une image plutôt positive,une image plutôt négative,une image très négative,sans opinion,,,5,"Pour chacune des personnalités suivantes, indiquez si vous en avez une image positive ou une image négative ? ",Manuel,Bompard,La France Insoumise,,,,Manuel Bompard
AH,4,14,33,36,13,,,pt2,macron,elabe_202412,pt2,1000,2024-12-10,2024-12-11,polls/elabe_202412,pt2,ELABE,Les Echos,une image très positive,une image plutôt positive,une image plutôt négative,une image très négative,sans opinion,,,5,"Pour chacune des personnalités suivantes, indiquez si vous en avez une image positive ou une image négative ? ",Anne,Hidalgo,Parti Socialiste,,,,Anne Hidalgo
GA,25,52,14,3,6,,,pt2,macron,elabe_202412,pt2,1000,2024-12-10,2024-12-11,polls/elabe_202412,pt2,ELABE,Les Echos,une image très positive,une image plutôt positive,une image plutôt négative,une image très négative,sans opinion,,,5,"Pour chacune des personnalités suivantes, indiquez si vous en avez une image positive ou une image négative ? ",Gabriel,Attal,La République En Marche,,,,Gabriel Attal
BR,7,37,20,13,23,,,pt2,macron,elabe_202412,pt2,1000,2024-12-10,2024-12-11,polls/elabe_202412,pt2,ELABE,Les Echos,une image très positive,une image plutôt positive,une image plutôt négative,une image très négative,sans opinion,,,5,"Pour chacune des personnalités suivantes, indiquez si vous en avez une image positive ou une image négative ? ",Bruno,Retailleau,Les Républicains,,,,Bruno Retailleau
DL,1,18,13,7,61,,,pt2,macron,elabe_202412,pt2,1000,2024-12-10,2024-12-11,polls/elabe_202412,pt2,ELABE,Les Echos,une image très positive,une image plutôt positive,une image plutôt négative,une image très négative,sans opinion,,,5,"Pour chacune des personnalités suivantes, indiquez si vous en avez une image positive ou une image négative ? ",David,Lisnard,Les Républicains,,,,David Lisnard
CV,3,22,15,12,48,,,pt2,macron,elabe_202412,pt2,1000,2024-12-10,2024-12-11,polls/elabe_202412,pt2,ELABE,Les Echos,une image très positive,une image plutôt positive,une image plutôt négative,une image très négative,sans opinion,,,5,"Pour chacune des personnalités suivantes, indiquez si vous en avez une image positive ou une image négative ? ",Catherine,Vautrin,,,,,Catherine Vautrin
SL,8,44,11,6,31,,,pt2,macron,elabe_202412,pt2,1000,2024-12-10,2024-12-11,polls/elabe_202412,pt2,ELABE,Les Echos,une image très positive,une image plutôt positive,une image plutôt négative,une image très négative,sans opinion,,,5,"Pour chacune des personnalités suivantes, indiquez si vous en avez une image positive ou une image négative ? ",Sébastien,Lecornu,Les Républicains,,,,Sébastien Lecornu
VP,1,26,40,17,16,,,pt2,macron,elabe_202412,pt2,1000,2024-12-10,2024-12-11,polls/elabe_202412,pt2,ELABE,Les Echos,une image très positive,une image plutôt positive,une image plutôt négative,une image très négative,sans opinion,,,5,"Pour chacune des personnalités suivantes, indiquez si vous en avez une image positive ou une image négative ? ",Valérie,Pécresse,Les Républicains,,,,Valérie Pécresse
